{
  "classifier": {
    "train_size": 407,
    "test_size": 102,
    "cv_f1": 0.9071481538853604,
    "cv_f1_std": 0.014527039316379541,
    "accuracy": 0.8725490196078431,
    "precision": 0.8732394366197183,
    "recall": 0.9393939393939394,
    "f1": 0.9051094890510949
  },
  "benchmarks": {
    "conservative": 22.56587184156613,
    "moderate": 28.193548387096776,
    "aggressive": 38.62538461538462,
    "mean": 31.76849933196359,
    "count": 102
  }
}