{
  "classifier": {
    "train_size": 381,
    "test_size": 96,
    "cv_f1": 0.9142750690856939,
    "cv_f1_std": 0.011930782713623916,
    "accuracy": 0.8645833333333334,
    "precision": 0.8695652173913043,
    "recall": 0.9375,
    "f1": 0.9022556390977443
  },
  "benchmarks": {
    "conservative": 23.047113075787728,
    "moderate": 28.693548387096776,
    "aggressive": 39.01,
    "mean": 32.08026931860286,
    "count": 100
  },
  "signup_model": {
    "train_size": 246,
    "test_size": 62,
    "cv_r2": -1.019634095158717,
    "cv_r2_std": 1.1049204244458979,
    "cv_mae": 0.0027366831911326225,
    "cv_mae_std": 0.0005929175849285253,
    "test_r2": -0.8155772526184584,
    "test_mae": 0.0027911773797167625
  }
}