{
  "classifier": {
    "train_size": 381,
    "test_size": 96,
    "cv_f1": 0.9142750690856939,
    "cv_f1_std": 0.011930782713623916,
    "accuracy": 0.8645833333333334,
    "precision": 0.8695652173913043,
    "recall": 0.9375,
    "f1": 0.9022556390977443
  },
  "benchmarks": {
    "conservative": 23.047113075787728,
    "moderate": 28.693548387096776,
    "aggressive": 39.01,
    "mean": 32.08026931860286,
    "count": 100
  }
}